IMEI	TYPE	MANUFACTURER	MODEL	SOURCE
357943035089390	WWAN-MODEM	Huawei	E160	https://www.ebay.de/itm/114743211215
864172045479278	WWAN-MODEM	Huawei	ME909s-120	https://www.ebay.de/itm/401544571863
867377028121774	WWAN-MODEM	Huawei	ME909s-120	https://www.ebay.de/itm/133147749807
867377021080654	WWAN-MODEM	Huawei	ME909s-120	https://www.ebay.de/itm/224238363553
867377024230587	WWAN-MODEM	Huawei	ME909s-120	https://www.ebay.de/itm/324423058011
867377024232500	WWAN-MODEM	Huawei	ME909s-120	https://www.ebay.de/itm/324423058011
867377024231478	WWAN-MODEM	Huawei	ME909s-120	https://www.ebay.de/itm/324423058011
867377020318808	WWAN-MODEM	Huawei	ME909s-120	https://www.ebay.de/itm/184655427190
867377020457937	WWAN-MODEM	Huawei	ME909s-120	https://www.ebay.de/itm/254407050143
867160023375037	WWAN-MODEM	Huawei	ME906s-158	https://www.ebay.de/itm/224311289871
356581070046130	WWAN-MODEM	Huawei	ME906s-158	https://www.ebay.de/itm/163799706144
863212030054826	WWAN-MODEM	Fibocom	L850-GL	https://www.ebay.de/itm/274646058252
015550005763393	WWAN-MODEM	Fibocom	L850-GL	https://www.ebay.de/itm/402562138788
015184001831242	WWAN-MODEM	Fibocom	L850-GL	https://www.ebay.de/itm/133485833900
867603020000207	WWAN-MODEM	Fibocom	L850-GL	https://www.ebay.de/itm/353411699483
015184008649688	WWAN-MODEM	Fibocom	L850-GL	https://www.ebay.de/itm/333786927321
355856028196091	WWAN-MODEM	Huawei	E106E	https://www.ebay.de/itm/264766706313
358108025961243	WWAN-MODEM	Huawei	E172	https://www.ebay.de/itm/271806913225
869887030131098	PHONE	Inrico	TM-7Plus	https://www.amazon.de/dp/B08354JTH3
869887030131106	PHONE	Inrico	TM-7Plus	https://www.amazon.de/dp/B08354JTH3
350390011590776	HANDHELD	Gizmondo	GZ-1 Smart Adds	https://youtu.be/dv6UaHZxUys?t=28
359079072468135	WWAN-ROUTER	Netgear	LB2110	https://www.amazon.de/dp/B07915QQBX
356450050132197	WWAN-MODEM	Sierra Wireless	EM7355	https://www.amazon.de/gp/product/B07G73J88D
012810000392298	WWAN-MODEM	Sierra Wireless	MC7700	https://www.amazon.de/gp/product/B07WPYPZMF
013937003271275	WWAN-MODEM	Sierra Wireless	EM7345	https://www.amazon.de/dp/B078W3LXKL
356195050441698	WWAN-MODEM	Sierra Wireless	MC7355	https://www.amazon.de/dp/B00XLAWR3E
352375017184342	WWAN-MODEM	Option	GTM378	https://www.ebay.de/itm/332175570405
